1,'Intel Pentium G3220','Intel','https://media.solotodo.com/media/products/14572_1_intel_core_pentium_g3220_30g_3mb_hd_graphics_11_ghz_socket_1150_haswell.jpg',27.72,26489,'https://solotodo.com/products/13031',2,2,3000,3000,54,'LGA 1150','Intel Haswell','HD Graphics','Cooler stock Intel',0,0
2,'Intel Pentium G3250 [BX80646G3250]','Intel','https://media.solotodo.com/media/products/14572_1_intel_core_pentium_g3220_30g_3mb_hd_graphics_11_ghz_socket_1150_haswell.jpg',33.29,31809,'https://solotodo.com/products/18692',2,2,3200,3200,53,'LGA 1150','Intel Haswell','HD Graphics','Cooler stock Intel',0,0
3,'AMD A6-7400K [AD740KYBJABOX]','AMD','https://media.solotodo.com/media/products/amd_a_series.jpg',38.83,37103,'https://solotodo.com/products/17636',2,2,3500,3900,65,'FM2+','AMD Steamroller','Radeon R5 Series','Cooler stock AMD',150,297
4,'AMD A12-9800 [AD9800AUABBOX]','AMD','https://media.solotodo.com/media/products/842345_picture_1543786580.jpg',43.84,41895,'https://solotodo.com/products/53376',4,4,3800,4200,65,'AM4','AMD Excavator','Radeon R7 Series','Cooler stock AMD',0,0
5,'Intel Pentium Gold G6405 [BX80701G6405]','Intel','https://media.solotodo.com/media/products/1435998_picture_1628520810.jpg',49.56,47360,'https://solotodo.com/products/117286',2,4,4100,4100,58,'LGA 1200','Intel Comet Lake','HD 610','Cooler stock Intel',420,953
6,'Intel Celeron G6900 [BX80715G6900]','Intel','https://media.solotodo.com/media/products/1554503_picture_1646976668.jpg',51.79,49490,'https://solotodo.com/products/133521',2,2,3400,3400,46,'LGA 1700','Intel Alder Lake','UHD 710','Cooler stock Intel',0,881
7,'Intel Celeron G5925 [BX80701G5925]','Intel','https://media.solotodo.com/media/products/1270975_picture_1605666923.jpg',55.36,52894,'https://solotodo.com/products/91438',2,2,3600,3600,58,'LGA 1200','Intel Comet Lake','UHD 610','Cooler stock Intel',0,0
8,'AMD A6-9500 [AD9500AGABBOX]','AMD','https://media.solotodo.com/media/products/704686_picture_1512156695.jpg',53.93,51536,'https://solotodo.com/products/41508',2,2,3500,3800,65,'AM4','AMD Excavator','Radeon R5 Series','Cooler stock AMD',235,392
9,'AMD Athlon 3000G [YD3000C6FHBOX]','AMD','https://media.solotodo.com/media/products/1036716_picture_1577477625.webp',62.410000000000004,59640,'https://solotodo.com/products/70701',2,4,3500,3500,35,'AM4','AMD Zen','Radeon Vega 3','Cooler stock AMD',339,887
10,'AMD Ryzen 3 2200G [YD2200C5FBBOX]','AMD','https://media.solotodo.com/media/products/721599_picture_1520617412.png',60.85,58140,'https://solotodo.com/products/42855',4,4,3500,3700,65,'AM4','AMD Zen','Radeon Vega 8','Wraith Stealth',308,1307
11,'AMD Athlon X4 860K','AMD','https://media.solotodo.com/media/products/41hPfZOaoLL._SY355_.jpg',65.92,62990,'https://solotodo.com/products/17885',4,4,3700,4000,95,'FM2+','AMD Steamroller','No posee','Cooler stock AMD',0,0
12,'Intel Celeron G4930 [BX80684G4930]','Intel','https://media.solotodo.com/media/products/842313_picture_1543786183.jpg',76.01,72632,'https://solotodo.com/products/71724',2,2,3200,3200,54,'LGA 1151 (8va / 9na gen)','Intel Coffee Lake','UHD 610','Cooler stock Intel',0,0
13,'AMD Ryzen 3 3200G [YD3200C5FHBOX]','AMD','https://media.solotodo.com/media/products/956169_picture_1562591863.jpg',78.06,74590,'https://solotodo.com/products/63489',4,4,3600,4000,65,'AM4','AMD Zen+','Radeon Vega 8','Wraith Stealth',390,1481
14,'Intel Celeron G4900 [BX80684G4900]','Intel','https://media.solotodo.com/media/products/842313_picture_1543786183.jpg',79.53,75990,'https://solotodo.com/products/53374',2,2,3100,3100,54,'LGA 1151 (8va / 9na gen)','Intel Coffee Lake','UHD 610','Cooler stock Intel',0,0
15,'Intel Core i3-9100 [BX80684I39100]','Intel','https://media.solotodo.com/media/products/930351_picture_1558627079.jpg',82.38,78720,'https://solotodo.com/products/63828',4,4,3600,4200,65,'LGA 1151 (8va / 9na gen)','Intel Coffee Lake','UHD 630','Cooler stock Intel',445,1630
16,'AMD Ryzen 5 5500 [100-100000457MPK]','AMD','https://media.solotodo.com/media/products/1906246_picture_1713798880.webp',86.53,82679,'https://solotodo.com/products/241299',6,12,3600,4200,65,'AM4','AMD Zen 3','No posee','No posee',535,4086
17,'AMD Ryzen 3 4100 [100-100000510BOX]','AMD','https://media.solotodo.com/media/products/1611388_picture_1655217877.jpg',92.54,88421,'https://solotodo.com/products/143692',4,8,3800,4000,65,'AM4','AMD Zen 2','No posee','Wraith Stealth',0,0
18,'AMD Ryzen 5 5500 [100-100000457BOX]','AMD','https://media.solotodo.com/media/products/1580673_picture_1651582928.jpg',91.78,87701,'https://solotodo.com/products/137994',6,12,3600,4200,65,'AM4','AMD Zen 3','No posee','Wraith Stealth',535,4086
19,'AMD Ryzen 5 4500 [100-100000644BOX]','AMD','https://media.solotodo.com/media/products/1594312_picture_1652860245.jpg',93.53,89368,'https://solotodo.com/products/140384',6,12,3600,4100,65,'AM4','AMD Zen 2','No posee','Wraith Stealth',0,0
20,'AMD Ryzen 3 4100 [100-100000510MPK]','AMD','https://media.solotodo.com/media/products/1876126_picture_1707155189.jpg',92.39,88286,'https://solotodo.com/products/232864',4,8,3800,4000,65,'AM4','AMD Zen 2','No posee','No posee',0,0
21,'Intel Core i3-10100F [BX8070110100F]','Intel','https://media.solotodo.com/media/products/1274154_picture_1605954761.png',97.25,92925,'https://solotodo.com/products/91723',4,8,3600,4300,65,'LGA 1200','Intel Comet Lake','No posee','Cooler stock Intel',448,2284
22,'Intel Pentium Gold G6400 [BX80701G6400]','Intel','https://media.solotodo.com/media/products/1226980_picture_1599248298.jpg',98.79,94395,'https://solotodo.com/products/86041',2,4,4000,4000,58,'LGA 1200','Intel Comet Lake','UHD 610','Cooler stock Intel',415,0
23,'Intel Core i3-12100F [BX8071512100F]','Intel','https://media.solotodo.com/media/products/1526791_picture_1642173704.jpg',97.11,92790,'https://solotodo.com/products/129578',4,8,3300,4300,65,'LGA 1700','Intel Alder Lake','No posee','Cooler stock Intel',642,3204
24,'Intel Core i3-14100F [BX8071514100F]','Intel','https://media.solotodo.com/media/products/1877336_picture_1707949250.jpg',106.92,102170,'https://solotodo.com/products/233008',4,8,3500,4700,58,'LGA 1700','Intel Raptor Lake','No posee','Cooler stock Intel',0,0
25,'Intel Core i5-10400 [BX8070110400]','Intel','https://media.solotodo.com/media/products/1166165_picture_1590702263.jpg',107.71000000000001,102918,'https://solotodo.com/products/81376',6,12,2900,4300,65,'LGA 1200','Intel Comet Lake','UHD 630','Cooler stock Intel',450,3197
26,'Intel Core i3-13100F [BX8071513100F]','Intel','https://media.solotodo.com/media/products/1719364_picture_1675848926.jpg',109.4,104540,'https://solotodo.com/products/178564',4,8,3400,4500,58,'LGA 1700','Intel Raptor Lake','No posee','Cooler stock Intel',677,0
27,'Intel Core i3-3250 [BX80637I33250]','Intel','https://media.solotodo.com/media/products/intel-core-i3-ivy-bridge-desktop.jpg',106.94,102190,'https://solotodo.com/products/15981',2,4,3500,3500,55,'LGA 1155','Intel Ivy Bridge','HD Graphics 2500','Cooler stock Intel',0,0
28,'Intel Core i3-10100 [BX8070110100]','Intel','https://media.solotodo.com/media/products/1167279_picture_1590703148.jpg',121.7,116293,'https://solotodo.com/products/81382',4,8,3600,4300,65,'LGA 1200','Intel Comet Lake','UHD 630','Cooler stock Intel',448,2284
29,'Intel Core i3-10105 [BX8070110105]','Intel','https://media.solotodo.com/media/products/1370730_picture_1618586101.jpg',122.0,116580,'https://solotodo.com/products/114973',4,8,3700,4400,65,'LGA 1200','Intel Comet Lake','UHD 630','Cooler stock Intel',459,2337
30,'AMD Ryzen 5 5600 [100-100000927MPK]','AMD','https://media.solotodo.com/media/products/1906388_picture_1713802279.webp',119.81,114479,'https://solotodo.com/products/241308',6,12,3500,4400,65,'AM4','AMD Zen 3','No posee','No posee',574,4479
31,'Intel Core i3-12100 [BX8071512100]','Intel','https://media.solotodo.com/media/products/1606262_picture_1653721520.jpg',124.91,114563,'https://solotodo.com/products/142361',4,8,3300,4300,60,'LGA 1700','Intel Alder Lake','UHD 730','Cooler stock Intel',642,0
32,'Intel Core i5-10400F [BX8070110400F]','Intel','https://media.solotodo.com/media/products/1166318_picture_1590702443.jpg',132.0,126129,'https://solotodo.com/products/81377',6,12,2900,4300,65,'LGA 1200','Intel Comet Lake','No posee','Cooler stock Intel',450,3197
33,'AMD Ryzen 3 5300G [100-100000253BOX]','AMD','https://media.solotodo.com/media/products/1580673_picture_1651582928.jpg',129.44,123682,'https://solotodo.com/products/254356',4,8,4000,4200,65,'AM4','AMD Zen 3','Radeon Vega 6','No posee',0,0
34,'Intel Core i5-12400F Tray','Intel','https://media.solotodo.com/media/products/1514024_picture_1640156807.jpg',132.08,126210,'https://solotodo.com/products/252520',6,12,2500,4400,65,'LGA 1700','Intel Alder Lake','No posee','No posee',664,4784
35,'Intel Core i3-10105F [BX8070110105F]','Intel','https://media.solotodo.com/media/products/1370730_picture_1618586101.jpg',125.57000000000001,119990,'https://solotodo.com/products/106190',4,8,3700,4400,65,'LGA 1200','Intel Comet Lake','No posee','Cooler stock Intel',441,2310
36,'AMD Ryzen 5 4600G [100-100000147BOX]','AMD','https://media.solotodo.com/media/products/1664930_picture_1668024501.jpeg',136.04,129990,'https://solotodo.com/products/154930',6,12,3700,4200,65,'AM4','AMD Zen 2','Radeon Vega 7','Wraith Stealth',472,3398
37,'AMD Ryzen 5 5600X [100-100000065MPK]','AMD','https://media.solotodo.com/media/products/1746923_picture_1680711198.jpg',135.17000000000002,129156,'https://solotodo.com/products/196151',6,12,3700,4600,65,'AM4','AMD Zen 3','No posee','Wraith Stealth',604,4562
38,'Intel Core i5-12400F [BX8071512400F]','Intel','https://media.solotodo.com/media/products/1514024_picture_1640156807.jpg',133.43,127500,'https://solotodo.com/products/127944',6,12,2500,4400,65,'LGA 1700','Intel Alder Lake','No posee','Cooler stock Intel',664,4784
39,'AMD Ryzen 5 3500 [100-000000050MPK]','AMD','https://media.solotodo.com/media/products/1564243_picture_1649067314.webp',140.70000000000002,134446,'https://solotodo.com/products/134937',6,6,3600,4100,65,'AM4','AMD Zen 2','No posee','No posee',464,2652
40,'AMD Ryzen 5 8400F [100-100001591MPK]','AMD','https://media.solotodo.com/media/products/2031117_picture_1741789695.avif',146.41,139900,'https://solotodo.com/products/268157',6,12,4200,4700,65,'AM5','AMD Zen 4','No posee','No posee',0,0
41,'Intel Core i5-11400F [BX8070811400F]','Intel','https://media.solotodo.com/media/products/1359501_picture_1617484194.webp',151.53,144796,'https://solotodo.com/products/104373',6,12,2600,4400,65,'LGA 1200','Intel Rocket Lake','No posee','Cooler stock Intel',529,3888
42,'AMD Ryzen 5 5600 [100-100000927BOX]','AMD','https://media.solotodo.com/media/products/1569395_picture_1672268277.jpg',154.25,147390,'https://solotodo.com/products/135981',6,12,3500,4400,65,'AM4','AMD Zen 3','No posee','Wraith Stealth',574,4479
43,'AMD Ryzen 5 8400F [100-100001591BOX]','AMD','https://media.solotodo.com/media/products/1874814_picture_1706850158.jpg',151.64000000000001,144900,'https://solotodo.com/products/244031',6,12,4200,4700,65,'AM5','AMD Zen 4','No posee','Wraith Stealth',0,0
44,'AMD Ryzen 7 5700X [100-100000926MPK]','AMD','https://media.solotodo.com/media/products/1746947_picture_1680711332.jpg',157.96,150938,'https://solotodo.com/products/196153',8,16,3400,4600,65,'AM4','AMD Zen 3','No posee','No posee',588,5330
45,'Intel Core i3-13100 [BX8071513100]','Intel','https://media.solotodo.com/media/products/1719364_picture_1675848926.jpg',161.85,154655,'https://solotodo.com/products/179355',4,8,3400,4500,89,'LGA 1700','Intel Raptor Lake','UHD 730','Cooler stock Intel',677,0
46,'AMD Ryzen 5 5600GT [100-100001488BOX]','AMD','https://media.solotodo.com/media/products/1436922_picture_1628622735.png',155.92000000000002,148990,'https://solotodo.com/products/232390',6,12,3600,4600,65,'AM4','AMD Zen 3','Radeon Vega 7','Wraith Stealth',0,0
47,'Intel Core i5-14400F [CM8071504821113]','Intel','https://media.solotodo.com/media/products/2013790_picture_1738079752.webp',162.25,155032,'https://solotodo.com/products/265062',6,16,2500,4700,65,'LGA 1700','Intel Raptor Lake','No posee','No posee',0,0
48,'AMD Ryzen 5 5600X [100-100000065BOX]','AMD','https://media.solotodo.com/media/products/1264967_picture_1672268308.jpg',162.25,155040,'https://solotodo.com/products/90933',6,12,3700,4600,65,'AM4','AMD Zen 3','No posee','Wraith Stealth',604,4562
49,'AMD Ryzen 5 5600T [100-100001584BOX]','AMD','https://media.solotodo.com/media/products/1997891_picture_1733202715.png',165.61,158251,'https://solotodo.com/products/261031',6,12,3700,4500,65,'AM4','AMD Zen 3','No posee','Wraith Stealth',0,0
50,'Intel Core i3-14100 [BX8071514100]','Intel','https://media.solotodo.com/media/products/1881749_picture_1707949268.jpg',161.89000000000001,154690,'https://solotodo.com/products/233968',4,8,3500,4700,58,'LGA 1700','Intel Raptor Lake','UHD 730','Cooler stock Intel',0,0
51,'Intel Core i5-11400 [BX8070811400]','Intel','https://media.solotodo.com/media/products/1358951_picture_1617308874.jpg',171.83,164194,'https://solotodo.com/products/104271',6,12,2600,4400,65,'LGA 1200','Intel Rocket Lake','UHD 730','Cooler stock Intel',529,3888
52,'AMD Ryzen 5 8500G [100-100000931MPK]','AMD','https://media.solotodo.com/media/products/2021077_picture_1740486721.jpg',164.29,156990,'https://solotodo.com/products/266740',6,12,3500,5000,65,'AM5','AMD Zen 4','Radeon 740M','No posee',0,0
53,'AMD Ryzen 5 5600G [100-100000252BOX]','AMD','https://media.solotodo.com/media/products/1436922_picture_1628622735.png',171.08,163475,'https://solotodo.com/products/117431',6,12,3900,4400,65,'AM4','AMD Zen 3','Radeon Vega 7','Wraith Stealth',574,4479
54,'AMD Ryzen 7 5700G [100-100000263BOX]','AMD','https://media.solotodo.com/media/products/1436898_picture_1628621689.png',170.57,162990,'https://solotodo.com/products/117428',8,16,3800,4600,65,'AM4','AMD Zen 3','Radeon Vega 8','Wraith Stealth',588,2307
55,'Intel Core i5-14400F [BX8071514400F]','Intel','https://media.solotodo.com/media/products/1861058_picture_1707949213.jpg',167.43,159990,'https://solotodo.com/products/229183',6,16,2500,4700,65,'LGA 1700','Intel Raptor Lake','No posee','Cooler stock Intel',0,0
56,'AMD Ryzen 7 5700 [100-100000743BOX]','AMD','https://media.solotodo.com/media/products/1874897_picture_1706850892.webp',172.67000000000002,164990,'https://solotodo.com/products/232391',8,16,3700,4600,65,'AM4','AMD Zen 3','No posee','Wraith Stealth',0,0
57,'Intel Core i5-10600KF [BX8070110600KF]','Intel','https://media.solotodo.com/media/products/1200190_picture_1595049054.jpg',171.62,163990,'https://solotodo.com/products/84333',6,12,4100,4800,125,'LGA 1200','Intel Comet Lake','No posee','No posee',501,3629
58,'Intel Core i5-13400F [BX8071513400F]','Intel','https://media.solotodo.com/media/products/1720016_picture_1675936310.jpg',173.43,165724,'https://solotodo.com/products/179023',6,16,2500,4600,65,'LGA 1700','Intel Raptor Lake','No posee','Cooler stock Intel',687,6055
59,'Intel Core i5-12400 [BX8071512400]','Intel','https://media.solotodo.com/media/products/1514024_picture_1640156807.jpg',175.6,167790,'https://solotodo.com/products/127943',6,12,2500,4400,65,'LGA 1700','Intel Alder Lake','UHD 730','Cooler stock Intel',664,4784
60,'AMD Ryzen 7 5700G [100-100000263MPK]','AMD','https://media.solotodo.com/media/products/1761272_picture_1684164168.webp',180.4,172380,'https://solotodo.com/products/206116',8,16,3800,4600,65,'AM4','AMD Zen 3','Radeon Vega 8','No posee',588,2307
61,'Intel Core i5-12600KF [CM8071504555228]','Intel','https://media.solotodo.com/media/products/2053061_picture_1743100215.webp',183.88,175704,'https://solotodo.com/products/270448',6,16,3700,4900,125,'LGA 1700','Intel Alder Lake','No posee','No posee',741,6702
62,'AMD Ryzen 5 7500F [100-000000597]','AMD','https://media.solotodo.com/media/products/1879063_picture_1707454378.webp',189.29,180872,'https://solotodo.com/products/233330',6,12,3700,5000,65,'AM5','AMD Zen 4','No posee','Wraith Stealth',708,5540
63,'AMD Ryzen 5 PRO 4650G [100-100000143MPK]','AMD','https://media.solotodo.com/media/products/1315462_picture_1611992206.jpg',192.93,184354,'https://solotodo.com/products/99117',6,12,3700,4200,65,'AM4','AMD Zen 2','Radeon Vega 7','No posee',490,3616
64,'AMD Ryzen 5 8500G [100-100000931BOX]','AMD','https://media.solotodo.com/media/products/1874814_picture_1706850158.jpg',194.31,185675,'https://solotodo.com/products/232385',6,12,3500,5000,65,'AM5','AMD Zen 4','Radeon 740M','Wraith Stealth',0,0
65,'AMD Ryzen 5 5600XT [100-000001585BOX]','AMD','https://media.solotodo.com/media/products/1997891_picture_1733202715.png',198.65,189819,'https://solotodo.com/products/261032',6,12,3800,4700,65,'AM4','AMD Zen 3','No posee','Wraith Stealth',0,0
66,'AMD Ryzen 7 5700X [100-100000926WOF]','AMD','https://media.solotodo.com/media/products/1569342_picture_1672268351.jpg',200.92000000000002,191990,'https://solotodo.com/products/135977',8,16,3400,4600,65,'AM4','AMD Zen 3','No posee','No posee',588,5330
67,'Intel Core i5-13400 [BX8071513400]','Intel','https://media.solotodo.com/media/products/1719352_picture_1675848872.jpg',207.67000000000002,198440,'https://solotodo.com/products/178563',6,16,2500,4600,65,'LGA 1700','Intel Raptor Lake','UHD 730','Cooler stock Intel',687,6055
68,'AMD Ryzen 5 3600 [100-100000031BOX]','AMD','https://media.solotodo.com/media/products/956184_picture_1562591788.jpg',210.66,201294,'https://solotodo.com/products/63490',6,12,3600,4200,65,'AM4','AMD Zen 2','No posee','Wraith Stealth',472,3689
69,'Intel Core i5-14400 [BX8071514400]','Intel','https://media.solotodo.com/media/products/1878994_picture_1707949232.jpg',209.16,199865,'https://solotodo.com/products/233325',6,16,2500,4700,65,'LGA 1700','Intel Raptor Lake','UHD 730','Cooler stock Intel',0,0
70,'Intel Core i5-12600KF [BX8071512600KF]','Intel','https://media.solotodo.com/media/products/1514007_picture_1640156514.jpg',209.16,199865,'https://solotodo.com/products/127941',6,16,3700,4900,125,'LGA 1700','Intel Alder Lake','No posee','No posee',741,6702
71,'AMD Ryzen 5 8600G [100-100001237BOX]','AMD','https://media.solotodo.com/media/products/1874814_picture_1706850158.jpg',210.82,201450,'https://solotodo.com/products/232386',6,12,4300,5000,65,'AM5','AMD Zen 4','Radeon 760M','Wraith Spire',697,5505
72,'AMD Ryzen 5 7600 [100-100001015MPK]','AMD','https://media.solotodo.com/media/products/1944179_picture_1723647673.webp',216.33,206712,'https://solotodo.com/products/252739',6,12,3800,5100,65,'AM5','AMD Zen 4','RDNA 2','No posee',722,5850
73,'Intel Core i5-11600K [BX8070811600K]','Intel','https://media.solotodo.com/media/products/1374667_picture_1619023067.jpg',214.53,204990,'https://solotodo.com/products/106857',6,12,3900,4900,125,'LGA 1200','Intel Rocket Lake','UHD 750','No posee',598,4320
74,'Intel Core i5-12600K [BX8071512600K]','Intel','https://media.solotodo.com/media/products/1495167_picture_1637010032.jpg',241.8,231053,'https://solotodo.com/products/125306',6,16,3700,4900,125,'LGA 1700','Intel Alder Lake','UHD 770','No posee',741,6702
75,'AMD Ryzen 5 7600 [100-100001015BOX]','AMD','https://media.solotodo.com/media/products/1696740_picture_1673410406.jpg',239.66,229000,'https://solotodo.com/products/166287',6,12,3800,5100,65,'AM5','AMD Zen 4','RDNA 2','Wraith Stealth',722,5850
76,'Intel Core i5-10600K [BX8070110600K]','Intel','https://media.solotodo.com/media/products/1200190_picture_1595049054.jpg',249.06,237990,'https://solotodo.com/products/83670',6,12,4100,4800,125,'LGA 1200','Intel Comet Lake','UHD 630','No posee',501,3629
77,'AMD Ryzen 7 5800XT [100-000001582WOF]','AMD','https://media.solotodo.com/media/products/1263671_picture_1672268365.jpg',250.11,238990,'https://solotodo.com/products/252295',8,16,3800,4800,105,'AM4','AMD Zen 3','No posee','No posee',0,0
78,'Intel Core i5-11600KF [BX8070811600KF]','Intel','https://media.solotodo.com/media/products/1359031_picture_1617309776.jpg',271.14,259081,'https://solotodo.com/products/104277',6,12,3900,4900,95,'LGA 1200','Intel Rocket Lake','No posee','No posee',598,4320
79,'AMD Ryzen 7 5800X [100-100000063WOF]','AMD','https://media.solotodo.com/media/products/1263671_picture_1672268365.jpg',257.44,245990,'https://solotodo.com/products/90849',8,16,3800,4700,105,'AM4','AMD Zen 3','No posee','No posee',628,5724
80,'Intel Core i5-7400 [BX80677I57400]','Intel','https://media.solotodo.com/media/products/566211_picture_1484061135.jpg',258.92,247412,'https://solotodo.com/products/31099',4,4,3000,3500,65,'LGA 1151 (6ta / 7ma gen)','Intel Kaby Lake','HD 630','Cooler stock Intel',0,0
81,'AMD Ryzen 5 7600X [100-100000593WOF]','AMD','https://media.solotodo.com/media/products/1647078_picture_1672267310.jpg',256.39,244990,'https://solotodo.com/products/151869',6,12,4700,5300,105,'AM5','AMD Zen 4','RDNA 2','No posee',759,5989
82,'Intel Core i5-12500 [BX8071512500]','Intel','https://media.solotodo.com/media/products/1514024_picture_1640156807.jpg',274.28000000000003,262081,'https://solotodo.com/products/140383',6,12,3000,4600,65,'LGA 1700','Intel Alder Lake','UHD 730','Cooler stock Intel',688,0
83,'AMD Ryzen 5 9600X [100-100001405WOF]','AMD','https://media.solotodo.com/media/products/1941894_picture_1722940748.webp',295.26,282130,'https://solotodo.com/products/252401',6,12,3900,5400,65,'AM5','AMD Zen 5','Radeon Graphics','No posee',853,6675
84,'AMD Ryzen 7 8700F [100-100001590BOX]','AMD','https://media.solotodo.com/media/products/1914443_picture_1715838960.jpg',307.17,293511,'https://solotodo.com/products/244032',8,16,4100,5000,65,'AM5','AMD Zen 4','No posee','Wraith Stealth',707,7061
85,'Intel Core i7-12700KF [BX8071512700KF]','Intel','https://media.solotodo.com/media/products/1495155_picture_1637009746.jpg',297.13,283915,'https://solotodo.com/products/125305',8,20,3600,5000,125,'LGA 1700','Intel Alder Lake','No posee','No posee',757,8750
86,'Intel Core Ultra 5 225F [BX80768225F]','Intel','https://media.solotodo.com/media/products/2018716_picture_1739542362.png',310.40000000000003,296600,'https://solotodo.com/products/266048',6,10,3300,4900,65,'LGA 1851','Intel Arrow Lake','No posee','No posee',0,0
87,'Intel Core i5-11600 [BX8070811600]','Intel','https://media.solotodo.com/media/products/1407806_picture_1623791490.jpg',307.35,293684,'https://solotodo.com/products/113425',6,12,2800,4800,65,'LGA 1200','Intel Rocket Lake','UHD 750','Cooler stock Intel',442,4058
88,'Intel Core i5-14600KF [BX8071514600KF]','Intel','https://media.solotodo.com/media/products/1831674_picture_1707949175.jpg',305.13,291563,'https://solotodo.com/products/222073',6,20,3500,5300,125,'LGA 1700','Intel Raptor Lake','No posee','No posee',0,0
89,'Intel Core i5-14600K [BX8071514600K]','Intel','https://media.solotodo.com/media/products/1833267_picture_1707949193.jpg',300.34000000000003,286990,'https://solotodo.com/products/222319',6,20,3500,5300,125,'LGA 1700','Intel Raptor Lake','UHD 770','No posee',0,0
90,'AMD Ryzen 7 3800XT [100-100000279WOF]','AMD','https://media.solotodo.com/media/products/1201957_picture_1595423050.jpg',312.91,299000,'https://solotodo.com/products/83840',8,16,3900,4700,105,'AM4','AMD Zen 2','No posee','No posee',539,5122
91,'Intel Core i7-12700F [BX8071512700F]','Intel','https://media.solotodo.com/media/products/1525367_picture_1641998224.jpg',311.86,297990,'https://solotodo.com/products/129410',8,20,2100,4900,65,'LGA 1700','Intel Alder Lake','No posee','Cooler stock Intel',1008,6981
92,'Intel Core i5-9600K [BX80684I59600K]','Intel','https://media.solotodo.com/media/products/829937_picture_1540686756.jpg',315.03000000000003,301021,'https://solotodo.com/products/52283',6,6,3700,4600,95,'LGA 1151 (8va / 9na gen)','Intel Coffee Lake','UHD 630','No posee',481,2624
93,'AMD Ryzen 7 3700X [100-100000071BOX]','AMD','https://media.solotodo.com/media/products/956999_picture_1562948477.jpg',328.25,313654,'https://solotodo.com/products/63564',8,16,3600,4400,65,'AM4','AMD Zen 2','No posee','Wraith Prism',501,4834
94,'AMD Ryzen 7 8700G [100-100001236BOX]','AMD','https://media.solotodo.com/media/products/1874858_picture_1706850523.webp',318.34000000000003,304190,'https://solotodo.com/products/232388',8,16,4200,5100,65,'AM5','AMD Zen 4','Radeon 780M','Wraith Spire',707,7061
95,'Intel Core i7-10700 [BX8070110700]','Intel','https://media.solotodo.com/media/products/1165918_picture_1590701988.jpg',332.55,317766,'https://solotodo.com/products/81375',8,16,2900,4800,65,'LGA 1200','Intel Comet Lake','UHD 630','Cooler stock Intel',499,4834
96,'Intel Core i7-12700K [BX8071512700K]','Intel','https://media.solotodo.com/media/products/1495143_picture_1637009683.jpg',321.8,307490,'https://solotodo.com/products/125304',8,20,3600,5000,125,'LGA 1700','Intel Alder Lake','UHD 770','No posee',757,8750
97,'Intel Core i7-12700 [BX8071512700]','Intel','https://media.solotodo.com/media/products/1495143_picture_1637009683.jpg',336.97,321990,'https://solotodo.com/products/133320',8,20,3600,4900,65,'LGA 1700','Intel Alder Lake','UHD 770','Cooler stock Intel',1029,7127
98,'Intel Core Ultra 5 225 [BX80768225]','Intel','https://media.solotodo.com/media/products/2018694_picture_1742393861.png',348.27,332790,'https://solotodo.com/products/266046',6,10,3300,4900,65,'LGA 1851','Intel Arrow Lake','Arc Xe-LPG Graphics 16EU','No posee',0,0
99,'Intel Core i7-10700K [BX8070110700K]','Intel','https://media.solotodo.com/media/products/1165864_picture_1590701983.jpg',364.86,348634,'https://solotodo.com/products/81374',8,16,3800,5100,125,'LGA 1200','Intel Comet Lake','UHD 630','No posee',524,5292
100,'Intel Core i7-10700KF [BX8070110700KF]','Intel','https://media.solotodo.com/media/products/1165864_picture_1590701983.jpg',375.95,359234,'https://solotodo.com/products/92820',8,16,3800,5100,125,'LGA 1200','Intel Comet Lake','No posee','No posee',524,5292
101,'AMD Ryzen 7 7700 [100-100000592BOX]','AMD','https://media.solotodo.com/media/products/1696728_picture_1673410464.jpg',376.74,359990,'https://solotodo.com/products/166286',8,16,3800,5300,65,'AM5','AMD Zen 4','RDNA 2','Wraith Prism',744,7739
102,'Intel Core Ultra 5 245KF [BX80768245KF]','Intel','https://media.solotodo.com/media/products/1987698_picture_1732495097.jpg',384.58,367480,'https://solotodo.com/products/259413',6,14,4200,5200,125,'LGA 1851','Intel Arrow Lake','No posee','No posee',0,0
103,'AMD Ryzen 7 9700X [100-100001404MPK]','AMD','https://media.solotodo.com/media/products/1975106_picture_1730720582.webp',391.25,373854,'https://solotodo.com/products/257167',8,16,3800,5500,65,'AM5','AMD Zen 5','RDNA 2','No posee',866,8890
104,'AMD Ryzen 7 7700X [100-100000591WOF]','AMD','https://media.solotodo.com/media/products/1647092_picture_1672267311.jpg',381.66,364690,'https://solotodo.com/products/151870',8,16,4500,5400,105,'AM5','AMD Zen 4','RDNA 2','No posee',773,7944
105,'Intel Core i5-13600K [BX8071513600K]','Intel','https://media.solotodo.com/media/products/1648709_picture_1664520396.jpg',410.34000000000003,392094,'https://solotodo.com/products/152130',6,20,3500,5100,125,'LGA 1700','Intel Raptor Lake','UHD 770','No posee',775,9329
106,'Intel Core Ultra 5 245K [BX80768245K]','Intel','https://media.solotodo.com/media/products/1983362_picture_1732090570.jpg',405.63,387600,'https://solotodo.com/products/258694',6,14,4200,5200,125,'LGA 1851','Intel Arrow Lake','Arc Xe2 Graphics 64EU','No posee',0,0
107,'Intel Core i5-13600KF [BX8071513600KF]','Intel','https://media.solotodo.com/media/products/1648729_picture_1664520479.jpg',400.6,382790,'https://solotodo.com/products/152131',6,20,3500,5100,125,'LGA 1700','Intel Raptor Lake','No posee','No posee',775,9329
108,'AMD Ryzen 7 9700X [100-100001404WOF]','AMD','https://media.solotodo.com/media/products/1941870_picture_1722940437.webp',416.51,397990,'https://solotodo.com/products/252399',8,16,3800,5500,65,'AM5','AMD Zen 5','No posee','No posee',866,8890
109,'Intel Core i9-12900KF [BX8071512900KF]','Intel','https://media.solotodo.com/media/products/1495183_picture_1637010112.jpg',418.34000000000003,399740,'https://solotodo.com/products/125307',8,24,3200,5100,125,'LGA 1700','Intel Alder Lake','No posee','No posee',779,10511
110,'Intel Core i7-14700 [BX8071514700]','Intel','https://media.solotodo.com/media/products/1879006_picture_1707949384.jpg',438.49,418990,'https://solotodo.com/products/233326',8,28,2100,5400,65,'LGA 1700','Intel Raptor Lake','UHD 770','Cooler stock Intel',0,0
111,'Intel Core Ultra 7 265KF [BX80768265KF]','Intel','https://media.solotodo.com/media/products/1984860_picture_1732167527.jpg',443.02,423320,'https://solotodo.com/products/259003',8,20,3900,5500,125,'LGA 1851','Intel Arrow Lake','No posee','No posee',0,0
112,'Intel Core i9-12900K [BX8071512900K]','Intel','https://media.solotodo.com/media/products/1498180_picture_1637592613.jpg',456.07,435789,'https://solotodo.com/products/125705',8,24,3200,5200,125,'LGA 1700','Intel Alder Lake','UHD 770','No posee',779,10511
113,'AMD Ryzen 9 5900XT [100-000001581WOF]','AMD','https://media.solotodo.com/media/products/1941478_picture_1722726650.jpg',456.98,436666,'https://solotodo.com/products/252294',16,32,3300,4800,105,'AM4','AMD Zen 3','No posee','No posee',0,0
114,'Intel Core i7-14700KF [BX8071514700KF]','Intel','https://media.solotodo.com/media/products/1831724_picture_1707949336.jpg',451.04,430990,'https://solotodo.com/products/222077',8,28,3400,5600,125,'LGA 1700','Intel Raptor Lake','No posee','No posee',0,0
115,'Intel Core Ultra 7 265K [BX80768265K]','Intel','https://media.solotodo.com/media/products/1973410_picture_1730221524.webp',464.05,443420,'https://solotodo.com/products/256966',8,20,3900,5500,125,'LGA 1851','Intel Arrow Lake','Arc Xe2 Graphics 64EU','No posee',0,0
116,'AMD Ryzen 9 7900 [100-100000590BOX]','AMD','https://media.solotodo.com/media/products/1647103_picture_1672267312.jpg',447.54,427640,'https://solotodo.com/products/167341',12,24,3700,5400,65,'AM5','AMD Zen 4','RDNA 2','Wraith Prism',764,11088
117,'Intel Core i7-14700K [BX8071514700K]','Intel','https://media.solotodo.com/media/products/1831699_picture_1707949353.jpg',455.88,435615,'https://solotodo.com/products/222075',8,28,3400,5600,125,'LGA 1700','Intel Raptor Lake','UHD 770','No posee',0,0
118,'AMD Ryzen 9 7900X [100-100000589WOF]','AMD','https://media.solotodo.com/media/products/1647103_picture_1672267312.jpg',456.28000000000003,435990,'https://solotodo.com/products/151871',12,24,4700,5600,170,'AM5','AMD Zen 4','RDNA 2','No posee',781,11572
119,'AMD Ryzen 7 7800X3D [100-100000910MPK]','AMD','https://media.solotodo.com/media/products/1906400_picture_1713802528.webp',475.94,454780,'https://solotodo.com/products/241309',8,16,4200,5000,120,'AM5','AMD Zen 4','RDNA 2','No posee',0,0
120,'Intel Core i7-13700F [BX8071513700F]','Intel','https://media.solotodo.com/media/products/1721105_picture_1676012811.jpg',499.08,476894,'https://solotodo.com/products/179354',8,24,2100,5200,125,'LGA 1700','Intel Raptor Lake','No posee','Cooler stock Intel',0,0
121,'AMD Ryzen 9 5950X [100-100000059WOF]','AMD','https://media.solotodo.com/media/products/1263659_picture_1672268409.jpg',490.53000000000003,457590,'https://solotodo.com/products/90848',16,32,3400,4900,105,'AM4','AMD Zen 3','No posee','No posee',647,10428
122,'Intel Core Ultra 7 265 [BX80768265]','Intel','https://media.solotodo.com/media/products/2041968_picture_1742393823.png',486.63,464990,'https://solotodo.com/products/269563',8,20,2400,5300,65,'LGA 1851','Intel Arrow Lake','Arc Xe-LPG Graphics 32EU','No posee',0,0
123,'Intel Core i7-14700F [BX8071514700F]','Intel','https://media.solotodo.com/media/products/1875800_picture_1707949369.jpg',505.74,483254,'https://solotodo.com/products/232815',8,28,2100,5400,65,'LGA 1700','Intel Raptor Lake','No posee','Cooler stock Intel',0,0
124,'Intel Core i7-13700 [BX8071513700]','Intel','https://media.solotodo.com/media/products/1721093_picture_1676012506.jpg',514.15,491295,'https://solotodo.com/products/179353',8,24,2100,5200,65,'LGA 1700','Intel Raptor Lake','UHD 770','Cooler stock Intel',0,0
125,'Intel Core i9-12900 [BX8071512900]','Intel','https://media.solotodo.com/media/products/1587462_picture_1652108866.png',507.04,484500,'https://solotodo.com/products/139240',8,24,2400,5100,65,'LGA 1700','Intel Alder Lake','UHD 770','No posee',764,10097
126,'Intel Core i7-13700KF [BX8071513700KF]','Intel','https://media.solotodo.com/media/products/1648757_picture_1664520661.jpg',527.9300000000001,504454,'https://solotodo.com/products/152133',8,24,3400,5400,125,'LGA 1700','Intel Raptor Lake','No posee','No posee',815,11831
127,'Intel Core i9-14900KF [CM8071505094018]','Intel','https://media.solotodo.com/media/products/2013724_picture_1738079281.png',519.21,496124,'https://solotodo.com/products/265057',8,32,3200,6000,125,'LGA 1700','Intel Raptor Lake','No posee','No posee',0,0
128,'AMD Ryzen 7 7800X3D [100-100000910WOF]','AMD','https://media.solotodo.com/media/products/1754039_picture_1682576193.jpg',520.5,497360,'https://solotodo.com/products/200671',8,16,4200,5000,120,'AM5','AMD Zen 4','RDNA 2','No posee',0,0
129,'AMD Ryzen 9 5900X [100-100000061WOF]','AMD','https://media.solotodo.com/media/products/1271090_picture_1672268405.jpg',543.46,519294,'https://solotodo.com/products/91450',12,24,3700,4800,105,'AM4','AMD Zen 3','No posee','No posee',637,8491
130,'Intel Core i7-13700K [BX8071513700K]','Intel','https://media.solotodo.com/media/products/1648741_picture_1664520596.jpg',543.46,519294,'https://solotodo.com/products/152132',8,24,3400,5400,125,'LGA 1700','Intel Raptor Lake','UHD 770','No posee',815,11831
131,'AMD Ryzen 9 9900X [100-100000662WOF]','AMD','https://media.solotodo.com/media/products/1941882_picture_1722940578.webp',549.4300000000001,520990,'https://solotodo.com/products/252400',12,24,4400,5600,120,'AM5','AMD Zen 5','No posee','No posee',0,0
132,'Intel Core i9-13900KF [BX8071513900KF]','Intel','https://media.solotodo.com/media/products/1648697_picture_1664520273.jpg',536.34,512490,'https://solotodo.com/products/152129',8,32,3000,5800,125,'LGA 1700','Intel Raptor Lake','No posee','No posee',877,15350
133,'Intel Core i9-12900F [BX8071512900F]','Intel','https://media.solotodo.com/media/products/1587462_picture_1652108866.png',576.74,551094,'https://solotodo.com/products/161731',8,24,2400,5100,65,'LGA 1700','Intel Alder Lake','No posee','No posee',764,10097
134,'Intel Core i9-13900K [BX8071513900K]','Intel','https://media.solotodo.com/media/products/1648670_picture_1664519640.jpg',563.15,538115,'https://solotodo.com/products/152128',8,32,3000,5800,125,'LGA 1700','Intel Raptor Lake','UHD 770','No posee',877,15350
135,'Intel Core i9-14900KF [BX8071514900KF]','Intel','https://media.solotodo.com/media/products/1833256_picture_1707949298.jpg',568.52,543240,'https://solotodo.com/products/222289',8,32,3200,6000,125,'LGA 1700','Intel Raptor Lake','No posee','No posee',0,0
136,'AMD Ryzen 7 9800X3D [100-100001084WOF]','AMD','https://media.solotodo.com/media/products/1997216_picture_1732927401.png',584.89,558890,'https://solotodo.com/products/260863',8,16,4700,5200,120,'AM5','AMD Zen 5','No posee','No posee',820,9072
137,'Intel Core i9-14900K [BX8071514900K]','Intel','https://media.solotodo.com/media/products/1831756_picture_1707949314.jpg',605.9300000000001,578990,'https://solotodo.com/products/222080',8,32,3200,6000,125,'LGA 1700','Intel Raptor Lake','UHD 770','No posee',0,0
138,'Intel Core i9-10940X [BX8069510940X]','Intel','https://media.solotodo.com/media/products/1213166_picture_1597158022.webp',659.86,630526,'https://solotodo.com/products/85392',14,28,3300,4600,165,'LGA 2066','Intel Cascade Lake','No posee','No posee',0,0
139,'AMD Ryzen 9 7950X [100-100000514WOF]','AMD','https://media.solotodo.com/media/products/1647114_picture_1672267314.jpg',674.66,644669,'https://solotodo.com/products/151872',16,32,4500,5700,170,'AM5','AMD Zen 4','RDNA 2','No posee',793,15120
140,'Intel Core i9-13900F [BX8071513900F]','Intel','https://media.solotodo.com/media/products/1754798_picture_1682846505.webp',720.95,688894,'https://solotodo.com/products/201331',8,32,2000,5600,65,'LGA 1700','Intel Raptor Lake','No posee','No posee',872,12375
141,'Intel Core i9-13900 [BX8071513900]','Intel','https://media.solotodo.com/media/products/1721081_picture_1676010918.jpg',743.13,710094,'https://solotodo.com/products/179321',8,32,2000,5600,65,'LGA 1700','Intel Raptor Lake','UHD 770','No posee',2165,32605
142,'AMD Ryzen 9 9950X [100-100001277WOF]','AMD','https://media.solotodo.com/media/products/1941882_picture_1722940578.webp',753.49,719990,'https://solotodo.com/products/252852',16,32,4300,5700,170,'AM5','AMD Zen 5','No posee','No posee',0,0
143,'Intel Core i9-14900F [BX8071514900F]','Intel','https://media.solotodo.com/media/products/1908320_picture_1714382352.webp',759.71,725931,'https://solotodo.com/products/241987',8,32,2000,5800,65,'LGA 1700','Intel Raptor Lake','No posee','Cooler stock Intel',903,12840
144,'Intel Core Ultra 9 285K [BX80768285K]','Intel','https://media.solotodo.com/media/products/1997228_picture_1732928072.png',795.37,760010,'https://solotodo.com/products/260864',8,24,3700,5700,125,'LGA 1851','Intel Arrow Lake','Arc Xe2 Graphics 64EU','No posee',0,0
145,'Intel Core Ultra 9 285 [BX80768285]','Intel','https://media.solotodo.com/media/products/2035103_picture_1741977507.jpg',766.24,732170,'https://solotodo.com/products/268763',8,24,2500,5600,65,'LGA 1851','Intel Arrow Lake','Arc Xe2 Graphics 64EU','No posee',0,0
146,'Intel Core i9-14900 [BX8071514900]','Intel','https://media.solotodo.com/media/products/1831756_picture_1707949314.jpg',804.77,768990,'https://solotodo.com/products/239611',8,32,2000,5800,65,'LGA 1700','Intel Raptor Lake','UHD 770','Cooler stock Intel',903,12840
147,'AMD Ryzen 9 7950X3D [100-100000908WOF]','AMD','https://media.solotodo.com/media/products/1743917_picture_1680154568.jpg',834.03,796950,'https://solotodo.com/products/194571',16,32,4500,5700,120,'AM5','AMD Zen 4','RDNA 2','No posee',0,0
148,'AMD Ryzen 9 9900X3D [100-100001368WOF]','AMD','https://media.solotodo.com/media/products/2041750_picture_1742375584.png',844.47,806925,'https://solotodo.com/products/269506',12,24,4400,5500,120,'AM5','AMD Zen 5','No posee','No posee',0,0
149,'Intel Core i9-7960X [BX80673I97960X]','Intel','https://media.solotodo.com/media/products/731546_picture_1523011699.jpg',915.91,875190,'https://solotodo.com/products/43728',16,32,2800,4400,165,'LGA 2066','Intel Skylake','No posee','No posee',0,0
150,'AMD Ryzen 9 9950X3D [100-100000719WOF]','AMD','https://media.solotodo.com/media/products/2041762_picture_1742376003.png',1097.52,1048727,'https://solotodo.com/products/269507',16,32,4300,5700,170,'AM5','AMD Zen 5','RDNA 2','No posee',0,0
151,'AMD Ryzen Threadripper 7960X [100-100001352WOF]','AMD','https://media.solotodo.com/media/products/1863203_picture_1705206477.jpg',2095.41,2002250,'https://solotodo.com/products/232389',24,48,4200,5300,350,'sTR5','AMD Zen 4','No posee','No posee',0,0
152,'AMD Ryzen Threadripper 7970X [100-100001351WOF]','AMD','https://media.solotodo.com/media/products/1863203_picture_1705206477.jpg',2783.21,2659470,'https://solotodo.com/products/229843',32,64,4000,5300,350,'sTR5','AMD Zen 4','No posee','No posee',773,25421
153,'AMD Ryzen Threadripper Pro 7965WX [100-100000885WOF]','AMD','https://media.solotodo.com/media/products/1863243_picture_1705208186.jpg',3700.3,3535789,'https://solotodo.com/products/229878',24,48,4200,5300,350,'sTR5','AMD Zen 4','No posee','No posee',0,0